id,first_name
1,Krispin
2,Jeannie
3,Milton
4,Starlene
5,Tomlin
6,Ulysses
7,Ainslee
8,Arvin
9,Deerdre
10,Lilas
11,Ethyl
12,Pet
13,Mindy
14,Murdoch
15,Rory
16,Gerome
17,Kris
18,Nealson
19,Cherin
20,Kym
21,Emmie
22,Angeli
23,Barth
24,Mella
25,Jolene
26,Danita
27,Justino
28,Nissa
29,Hagan
30,Bibbye
31,Eddy
32,Riccardo
33,Antone
34,Jayme
35,Esra
36,Don
37,Val
38,Rhoda
39,Sabrina
40,Joelle
41,Cybil
42,Carmine
43,Dukey
44,Gabriel
45,Glenn
46,Ferne
47,Evan
48,Dynah
49,Aloysia
50,Harmony
51,Paula
52,Cosimo
53,Mara
54,Rich
55,Leonerd
56,Elizabeth
57,Corenda
58,Land
59,Babita
60,James
61,Ephrayim
62,Chrisse
63,Meagan
64,Trixy
65,Homerus
66,Abbott
67,Catrina
68,Idette
69,Marabel
70,Pierce
71,Pietro
72,Manya
73,Charlot
74,Berri
75,Sammie
76,Orelle
77,Rudd
78,Kin
79,Suzanne
80,Jessi
81,Anne-corinne
82,Ernie
83,Dacie
84,Buckie
85,Teddie
86,Rustin
87,Karine
88,Kamila
89,Kelcie
90,Honey
91,Marcille
92,Yancey
93,Silvana
94,Cart
95,Inglebert
96,Beatriz
97,Helen-elizabeth
98,Carita
99,Camella
100,Pyotr
101,Marna
102,Ervin
103,Raychel
104,Teodoro
105,Cara
106,Cam
107,Tabby
108,Carolina
109,Wake
110,Kinny
111,Pail
112,Germaine
113,Roderick
114,Malvin
115,Gilberto
116,Lucio
117,Orland
118,Rollie
119,Camel
120,Andrej
121,Meridith
122,Arlyne
123,Tybi
124,Kasey
125,Morly
126,Georgena
127,Shalna
128,Kendra
129,Aubrette
130,Gard
131,Egbert
132,Clayborn
133,Nikolaos
134,Bert
135,Sayre
136,Brocky
137,Matty
138,Amitie
139,Jermaine
140,Roxanna
141,Jonas
142,Eduard
143,Letizia
144,Martha
145,April
146,Andrus
147,Frasier
148,Ulrikaumeko
149,Violante
150,Goldarina
151,Shirl
152,Annetta
153,Vernon
154,Eilis
155,Carr
156,Kaja
157,Ali
158,Caro
159,Hannie
160,Silvanus
161,Tadd
162,Katherine
163,Maximilianus
164,Cass
165,Trudy
166,Tomaso
167,Judy
168,Amelita
169,Fallon
170,Charmian
171,Lizbeth
172,Yorker
173,Stefa
174,Jarrid
175,Georgetta
176,Lida
177,Dayle
178,Mareah
179,Mei
180,Jeannine
181,Kary
182,Rhona
183,Deeyn
184,Harbert
185,Fina
186,Murry
187,Hakim
188,Babette
189,Thain
190,Igor
191,Wells
192,Darren
193,Kendall
194,Markos
195,Estrellita
196,Moina
197,Asher
198,Ralf
199,Rod
200,Marvin
201,Emmalynn
202,Marten
203,Georgena
204,Lissy
205,Dominick
206,Dore
207,Leonora
208,Louella
209,Lonee
210,Brooke
211,Yul
212,Geordie
213,Gerri
214,Jackie
215,Araldo
216,Chiquia
217,Ricki
218,Amandi
219,Pegeen
220,Theodor
221,Sherline
222,Cully
223,Hollis
224,Jenelle
225,Meagan
226,Shaylah
227,Tuckie
228,Dugald
229,Darline
230,Winfred
231,Skye
232,Mortie
233,Abelard
234,Dot
235,Enrika
236,Uriah
237,Aurelie
238,Anatola
239,Ryan
240,Shelby
241,Delora
242,Cleo
243,Maynard
244,Loni
245,Petey
246,Bonnie
247,Danita
248,Abdul
249,Celka
250,Mandi
251,Reg
252,Gianna
253,Margi
254,Ethelyn
255,Demetris
256,Jermaine
257,Sax
258,Adolph
259,Peter
260,Eberhard
261,Godard
262,Alta
263,Irvin
264,Janot
265,Vince
266,Hilde
267,Irita
268,Scotti
269,Daren
270,Quintus
271,Lanny
272,Francklyn
273,Tiffany
274,Kanya
275,Murvyn
276,Zandra
277,Kimbra
278,Tasha
279,Sue
280,Webster
281,Christel
282,Teressa
283,Stanton
284,Jewel
285,Reinald
286,Gray
287,Anders
288,Delcina
289,Byrle
290,Corey
291,Maxie
292,Ravid
293,Karlotta
294,Rafaela
295,Shaun
296,Whit
297,Bekki
298,Geoff
299,Alisa
300,Daryn
301,Walton
302,Meyer
303,Anneliese
304,Felicia
305,Liva
306,Gates
307,Alissa
308,Frederich
309,Shaughn
310,Quintilla
311,Vladamir
312,Giffard
313,Gilligan
314,Fonsie
315,Del
316,Kaylil
317,Sybille
318,Yorker
319,Alisander
320,Ken
321,Renard
322,Kellen
323,Theodoric
324,Elsey
325,Merissa
326,Ileana
327,Cybill
328,Elias
329,Nataline
330,Pen
331,Emilio
332,Edee
333,Herminia
334,Florri
335,Nevsa
336,Karlik
337,Willy
338,Caz
339,Adrianne
340,Claudina
341,Thacher
342,Sawyere
343,Candace
344,Dmitri
345,Alonzo
346,Cosme
347,Mathew
348,Yetty
349,Luis
350,Wandis
351,Bernard
352,Lothario
353,Guilbert
354,Janenna
355,Jeth
356,Ted
357,Estell
358,D'arcy
359,Kristian
360,Martynne
361,Walden
362,Lynn
363,Hervey
364,Kathy
365,Shina
366,Gwenore
367,Thibaut
368,Aurea
369,Francoise
370,Phillis
371,Cati
372,Ax
373,Kendre
374,Eldon
375,Shannah
376,Colly
377,Gabriello
378,Celesta
379,Lorrin
380,Dacey
381,Kelwin
382,Hedi
383,Marinna
384,Egor
385,Ibby
386,Guntar
387,Louisa
388,Leigha
389,Alice
390,Indira
391,Steffie
392,Jessamyn
393,Guido
394,Courtenay
395,Evangelin
396,Karlie
397,Seamus
398,Lonee
399,Correy
400,Rustie
401,Katie
402,Patin
403,Madella
404,Huey
405,Viviene
406,Dorolisa
407,Gilberto
408,Herb
409,Barbette
410,Grenville
411,Zebadiah
412,Glyn
413,Wandie
414,Titos
415,Miof mela
416,Fredrika
417,Ari
418,Hastings
419,Gray
420,Ardith
421,Myrtia
422,Siana
423,Sheena
424,Jameson
425,Kassey
426,Tobye
427,Babita
428,Lillis
429,Bellina
430,Julietta
431,Shirlee
432,Eliot
433,Evelyn
434,Maurizia
435,Daryn
436,Krishna
437,Boycey
438,Loretta
439,Hermann
440,Milzie
441,Andrey
442,Ardyth
443,Marius
444,Jodee
445,Jessamine
446,Junina
447,Boyce
448,Barr
449,Delinda
450,Lucila
451,Kimberly
452,Reeta
453,Cassey
454,Candida
455,Christina
456,Alanna
457,Dita
458,Annissa
459,Jocelyne
460,Ingrim
461,Olva
462,Rickie
463,Nonah
464,Edgardo
465,Juana
466,Lamar
467,Alameda
468,Gerry
469,Tansy
470,Raynor
471,Monte
472,Wilton
473,Godard
474,Jarrett
475,Carri
476,Sully
477,Kikelia
478,Melvyn
479,Olwen
480,Rosaline
481,Allene
482,Maximilian
483,Brena
484,Shawna
485,Valaree
486,Fields
487,Udale
488,Shay
489,Ottilie
490,See
491,Jacquette
492,Man
493,Tally
494,Julita
495,Prudy
496,Abra
497,Evangelina
498,Rubina
499,Othilia
500,Esmeralda
501,Joey
502,Xenia
503,Tiphani
504,Chevalier
505,Alaine
506,Kris
507,Petrina
508,Jason
509,Roscoe
510,Dionisio
511,Ginnie
512,Mable
513,Cassey
514,Gertrudis
515,Kipp
516,Loria
517,Nolly
518,Eula
519,Pearce
520,Mareah
521,Rosmunda
522,Darcy
523,Huberto
524,Olva
525,Gwendolen
526,Michelle
527,Erny
528,Wenonah
529,Miles
530,Hughie
531,Ardenia
532,Mikkel
533,Bo
534,Costanza
535,Athena
536,Fanchon
537,Hale
538,Zelma
539,Pascal
540,Wyndham
541,Jo
542,Ambur
543,Betsey
544,Eugenia
545,Hersh
546,Isidore
547,Marget
548,Charlene
549,Layla
550,Vidovik
551,Donal
552,Bettina
553,Tan
554,Edward
555,Sonnie
556,Gordie
557,Chance
558,Kristyn
559,Ashly
560,Shani
561,Cassy
562,Leandra
563,Beauregard
564,Georgy
565,Courtney
566,Ruby
567,Purcell
568,Rancell
569,Annmarie
570,Shanan
571,Natale
572,Kenna
573,Gillian
574,Martina
575,Tana
576,Lilith
577,Lem
578,Dukie
579,Auberta
580,Olivette
581,Emilie
582,Garvy
583,Ozzy
584,Aubree
585,Gar
586,Bat
587,Hilda
588,Rayner
589,Dolly
590,Rodolphe
591,Clari
592,Noelyn
593,Lorain
594,Ellie
595,Rosemonde
596,Rhianna
597,Kimmie
598,Gina
599,Ilsa
600,Dick
601,Addi
602,Adam
603,Nappy
604,Janaya
605,Dalli
606,Delmer
607,Freeland
608,Sherwood
609,Conni
610,Althea
611,Kendre
612,Wye
613,Cass
614,Bettina
615,Garner
616,Jacques
617,Bone
618,Antoinette
619,Karoline
620,Dari
621,Rowe
622,Harwilll
623,Craggy
624,Sibley
625,Blinny
626,Roxanna
627,Mendel
628,Giuseppe
629,Joellyn
630,Oriana
631,Corilla
632,Annemarie
633,Brett
634,Michail
635,Babbette
636,Adan
637,Barnebas
638,Camile
639,Aindrea
640,Doyle
641,Kandace
642,Adrienne
643,Chery
644,Lester
645,Ginny
646,Ari
647,Hamil
648,Pernell
649,Linc
650,Dena
651,Jasmin
652,Antoine
653,Mycah
654,Kris
655,Jorrie
656,Lurleen
657,Red
658,Vernor
659,Ninon
660,Roxanne
661,Marthe
662,Valenka
663,Daisi
664,Stanwood
665,Cullin
666,Gusta
667,Bertie
668,Yanaton
669,Lucas
670,Gwyn
671,Flora
672,Leland
673,Alika
674,Indira
675,Janetta
676,Francesco
677,Tabatha
678,Elwyn
679,Shurlock
680,Kayne
681,Connie
682,Kelvin
683,Cara
684,Mathias
685,Cele
686,Chery
687,Selia
688,Anatollo
689,Zora
690,Fayette
691,Elsey
692,Torie
693,Gardener
694,Wendie
695,Flora
696,Jarib
697,Dorelia
698,Jolee
699,Jillene
700,Anselma
701,Karrah
702,Stephani
703,Ericha
704,Pammie
705,Sylvester
706,Huey
707,Baillie
708,Kordula
709,Zarah
710,Randi
711,Sile
712,Rodger
713,Cristian
714,Free
715,Abram
716,Beverley
717,Blayne
718,Carling
719,Hayes
720,Rodolphe
721,Waldon
722,Vonni
723,Josephine
724,Libbey
725,Angeline
726,Moina
727,Odelinda
728,Hilary
729,Zenia
730,Arabela
731,Jarib
732,Emmalynne
733,Raeann
734,Justino
735,Bree
736,Harli
737,Ruthe
738,Briney
739,Cleveland
740,Leonelle
741,Wendeline
742,Wilie
743,Berkeley
744,Rhianon
745,Merell
746,Sayre
747,Vere
748,Enos
749,Lucien
750,Katrinka
751,Adara
752,Nial
753,Whitman
754,Gwenneth
755,Lauren
756,Andie
757,Blondy
758,Uta
759,Salvador
760,Mariam
761,Ulrich
762,Pen
763,Richard
764,Mano
765,Rhea
766,Anet
767,Vin
768,Carling
769,Erin
770,Shayne
771,Fowler
772,Nanny
773,Russell
774,Bertie
775,Mellicent
776,Babbette
777,Vincenty
778,Hewet
779,Tony
780,Leonore
781,Marleah
782,Jone
783,Arny
784,Sheppard
785,Brigham
786,Terri
787,Hubert
788,Roth
789,Ira
790,Sawyer
791,Darcee
792,Ame
793,Leo
794,Ortensia
795,Anallese
796,Leslie
797,Vivyan
798,Cairistiona
799,Jeanie
800,Benedick
801,Prudy
802,Clio
803,Giffard
804,Adriena
805,Menard
806,Reinhard
807,Dotti
808,Eldin
809,Marys
810,Bronnie
811,Collette
812,Helen
813,Indira
814,Davis
815,Wyndham
816,Nolie
817,Amandie
818,Tania
819,Irina
820,Quillan
821,Anne-corinne
822,Wernher
823,Cami
824,Adelheid
825,Lisha
826,Myrna
827,Ellissa
828,Conrado
829,Bartolomeo
830,Lela
831,Sheppard
832,Alfie
833,Shirlee
834,Fionna
835,Bernita
836,Beatriz
837,Hussein
838,Sela
839,Gert
840,Tyrone
841,Tripp
842,Rik
843,Car
844,De
845,Flory
846,Audry
847,Blair
848,Gae
849,Casper
850,Holly-anne
851,Mozelle
852,Clemmie
853,Davida
854,Enid
855,Cornie
856,Regina
857,Patric
858,Tamarah
859,Jessalin
860,Morie
861,Raine
862,Dyna
863,Micky
864,Chuck
865,Heddi
866,Solly
867,Marybelle
868,Tilda
869,Charla
870,Leslie
871,Land
872,Shaun
873,Demott
874,Koenraad
875,Stillmann
876,Cord
877,Royce
878,Milty
879,Ludvig
880,Colin
881,Paulette
882,Aggy
883,Muffin
884,Tomkin
885,Royce
886,Huey
887,Vivyan
888,Hammad
889,Nathanael
890,Ginni
891,Regan
892,Marty
893,Gasper
894,Sheri
895,Rica
896,Ruperto
897,Nathanial
898,Beulah
899,Kimmi
900,Malvina
901,Brook
902,Rip
903,Kaye
904,Janetta
905,Winny
906,Franz
907,Leonore
908,Buffy
909,Lockwood
910,Byrle
911,Cathrine
912,Finn
913,Muire
914,Petronella
915,Ardys
916,Ab
917,Corena
918,Fredrick
919,Keane
920,Maury
921,Ryon
922,Benjamen
923,Aubrie
924,Kim
925,Vivia
926,Stefano
927,Carmel
928,Gordan
929,Emerson
930,Davie
931,Chrisse
932,Rennie
933,Jesus
934,Kathi
935,Izzy
936,Dalt
937,Casey
938,Kennan
939,Cristy
940,Caz
941,Kinny
942,Rianon
943,Jase
944,Heriberto
945,Nomi
946,Jennica
947,Jehu
948,Lemmie
949,Tate
950,Warde
951,Tarah
952,Giustina
953,Birgit
954,Gregorius
955,Kaycee
956,Haily
957,Michelle
958,Diann
959,Ignatius
960,Dav
961,Addison
962,Emma
963,Karil
964,Blakelee
965,Tommy
966,Guinna
967,Natalina
968,Jozef
969,Allistir
970,Teodoro
971,Terri-jo
972,Daryl
973,Octavia
974,Merle
975,Valera
976,Nikki
977,Florie
978,Egan
979,Nevins
980,Webster
981,Giles
982,Aurilia
983,Tedd
984,Nicoli
985,Laney
986,Mickie
987,Merridie
988,Annie
989,Tobi
990,Ryley
991,Nevil
992,Valenka
993,Solly
994,Reeta
995,Duane
996,Benedikta
997,Cord
998,Bertrand
999,Ally
1000,Appolonia
